<?xml version="1.0" encoding="UTF-8"?>
<!DOCTYPE mapper 
PUBLIC "-//mybatis.org//DTD Mapper 3.0//EN"
"http://mybatis.org/dtd/mybatis-3-mapper.dtd">

<mapper namespace="customer">	

	<!-- 회원정보 출력 -->
	<select id="infoSelect" resultType="bdto">
		select * from customer where custid=#{custid}
	</select>
	
	<!-- 작성글 리스트 출력 -->
	<select id="boardSelect" resultType="bdto">
		select board_idx, custid, topic, title, bcontent, 
		to_char(wdate,'YYYY.MM.DD') as wdate, hit, blike
		from board where custid=#{custid}
	</select>
	
	<!-- 게시글 작성여부 cnt 출력 -->
	<select id="boardListCount" resultType="int" parameterType="String">
		select count(*) as cnt
		from board where custid=#{custid}
	</select>
	
	<!-- 댓글 리스트 출력 -->
	<select id="replyListSelect" resultType="bdto" parameterType="String">
		select rboard_idx, rwriter, rcontent, to_char(rdate,'YYYY.MM.DD') as rdate, board_idx
		from board_reply where rwriter=#{custid} order by rdate
	</select>
	
	<!-- 댓글 작성여부 cnt 출력 -->
	<select id="replyListCount" resultType="int" parameterType="String">
		select count(*) as cnt
		from board_reply where rwriter=#{custid}
	</select>
	
	<!-- 질문 리스트 출력 -->
	<select id="questionListSelect" resultType="qdto">
		select qna_idx, custid, qtopic, qtitle, qcontent, to_char(qdate,'YYYY.MM.DD') as qdate, hit,
		(select count(*) from answer a where a.qna_idx = q.qna_idx) as acnt
		from question q where custid=#{custid}
		order by qna_idx desc
	</select>
	
	<!-- 질문 작성여부 cnt 출력 -->
	<select id="questionListCount" resultType="int" parameterType="String">
		select count(*) as cnt
		from question where custid=#{custid}
	</select>
	
	<!-- 답변 리스트 출력 -->
	<select id="answerListSelect" resultType="qdto">
		select answer_idx, awriter, acontent, alike, to_char(adate,'YYYY.MM.DD') as adate, qna_idx
		from answer where awriter=#{custid}
	</select>
	
	<!-- 답변 작성여부 cnt 출력 -->
	<select id="answerListCount" resultType="int" parameterType="String">
		select count(*) as cnt
		from answer where awriter=#{custid}
	</select>
	
	<!-- 추천한 글 리스트 출력 -->
	<select id="heartListSelect" resultType="bdto">
		select b.title, bh.board_idx
		from board b, board_heart bh 
		where b.board_idx = bh.board_idx
		and hwriter=#{custid}
	</select>
	
	<!-- 추천 여부 cnt 출력 -->
	<select id="heartListCount" resultType="int" parameterType="String">
		select count(*) as cnt
		from board_heart where hwriter=#{custid}
	</select>
</mapper>







