<?xml version="1.0" encoding="UTF-8"?>
<!DOCTYPE mapper 
PUBLIC "-//mybatis.org//DTD Mapper 3.0//EN"
"http://mybatis.org/dtd/mybatis-3-mapper.dtd">

<mapper namespace="qna">	
	
	
	<!-- 질문 등록 -->
	<insert id='qustionInsert' parameterType="qdto">
		insert into question values(
		question_seq.nextval, #{custid}, #{qtopic}, #{qtitle}, #{qcontent}, sysdate, 0)
	</insert>
	
	<!-- 질문 리스트 출력 -->
	<select id='questionSelect' resultType="qdto">
		select qna_idx, custid, qtopic, qtitle, qcontent, to_char(qdate,'YYYY.MM.DD') as qdate, hit,
		(select count(*) from answer a where a.qna_idx = q.qna_idx) as acnt
		from question q
		order by qna_idx desc
	</select>
	
	<!-- 한건 상세 -->
	<select id='questionDetail' resultType="qdto">
		select qna_idx, custid, qtopic, qtitle, qcontent, to_char(qdate,'YYYY.MM.DD') as qdate, hit
		from question where qna_idx=#{qna_idx}
	</select>
	
	<!-- 한건 삭제 -->
	<delete id='delete' >
		delete from question where qna_idx=#{qna_idx}
	</delete>
	
	<!-- 질문 수정 -->
	<update id="edit">
		update question set qtopic=#{qtopic}, qtitle=#{qtitle}, qcontent=#{qcontent} 
		where qna_idx=#{qna_idx}
	</update>
	
	
	
	
	
	<!-- 답변 리스트 출력 -->
	<select id='answerSelect' resultType="qdto" parameterType="int">
		select answer_idx, awriter, acontent, alike, to_char(adate,'YYYY.MM.DD') as adate, qna_idx
		from answer where qna_idx=#{qna_idx}
	</select>
	
	<!-- 답변 등록 -->
	<insert id='answerInsert'>
		insert into answer values(answer_seq.nextval, #{awriter}, #{acontent}, 0, sysdate, #{qna_idx})
	</insert>
	
	<!-- 답변 갯수 출력 -->
	<select id='answerCount' parameterType="int" resultType="int">
		select count(*) as acnt from answer where qna_idx=#{qna_idx}
	</select>
	
	<!-- 답변 한건 상세 -->
	<select id='answerSelectOne' parameterType="int" resultType="qdto">
		select answer_idx, awriter, acontent, alike, to_char(adate,'YYYY.MM.DD') as adate, qna_idx
		from answer where answer_idx=#{answer_idx}
	</select>
	
	<!-- 답변 수정 -->
	<update id="answerEdit">
		update answer set acontent=#{acontent} where answer_idx=#{answer_idx}
	</update>
	
	<!-- 답변 삭제 -->
	<delete id='replyDelete' >
		delete from answer where answer_idx=#{answer_idx}
	</delete>
</mapper>







