<?xml version="1.0" encoding="UTF-8"?>
<!DOCTYPE mapper 
PUBLIC "-//mybatis.org//DTD Mapper 3.0//EN"
"http://mybatis.org/dtd/mybatis-3-mapper.dtd">

<mapper namespace="reply">	

	
	<!-- 댓글 삽입 -->
	<insert id='replyInsert' parameterType="net.hb.crud.BoardDTO">
		insert into board_reply values (board_reply_seq.nextval, #{rwriter}, #{rcontent}, sysdate, #{board_idx})
	</insert>
	
	<!-- 댓글 리스트 출력 -->
	<select id='replySelect' resultType="net.hb.crud.BoardDTO" parameterType="int">
		select rboard_idx, rwriter, rcontent, to_char(rdate,'YYYY.MM.DD') as rdate, board_idx
		from board_reply where board_idx=#{board_idx} order by rdate
	</select>
	
	<!-- 게시판 리스트 댓글 갯수 출력 -->
	<select id='replyCount' resultType="net.hb.crud.BoardDTO" parameterType="int">
		select count(*) as rcnt from board_reply
	</select>
	
	<!-- 한건 댓글 갯수 출력 -->
	<select id='replycnt' parameterType="int" resultType="int">
		select count(*) as brcnt from board_reply where board_idx=#{board_idx}
	</select>
	
	<!-- 댓글 수정 -->
	<update id="replyEdit">
		update board_reply set rcontent=#{rcontent} where rboard_idx=#{rboard_idx}
	</update>
	
	<!-- 댓글 삭제 -->
	<delete id='replyDelete' >
		delete from board_reply where rboard_idx=#{rboard_idx}
	</delete>
</mapper>







